functionId,numberOfVersionsUntil,numberOfFixesUntil,numberOfRefactoringsUntil,numberOfAuthorsUntil,linesAddedUntil,maxLinesAddedUntil,avgLinesAddedUntil,linesRemovedUntil,maxLinesRemovedUntil,avgLinesRemovedUntil,codeChurnUntil,maxCodeChurnUntil,avgCodeChurnUntil,ageWithRespectTo,weightedAgeWithRespectTo
f76356,14.41029335340814,2.835534234811436,0.13699018162790444,4.877805827726645,106.44324345791851,23.221895926828882,5.813125468121004,23.3793750693204,4.768958063374169,0.13531941524549418,81.37224410403407,22.54763031678883,4.0091838967429485,227.565049011657,8.309898031569862
f17449,44.15838595792349,4.62278775815002,-0.40273630723382825,7.706845019061051,770.787576825823,324.09205689316116,19.211899212171442,802.0676938477263,327.161942482204,18.160267584983952,-31.271655346330707,21.115269575390105,0.24983393478252203,367.48895342031784,57.636144554805675
f15661,39.26855744779283,7.259677781673556,-1.000695217135639,5.6473353390855365,324.93906824771574,134.50155739293115,9.249734174587044,322.69391019951564,133.59462644799748,8.610447639974316,3.776559487467512,12.98024181869102,1.02111279116581,367.52951102869537,65.20267935588299
f21328,64.5549819344584,2.963540975336694,-1.2336039208092437,6.192486892287279,1440.2037224500602,112.4799392280135,21.22297158559688,843.2938670610712,113.3786804973957,14.424135383788574,596.212394754737,111.90119060516255,9.117556277647997,256.78315453714515,70.36345944238691
f52526,38.90949095751473,3.044573937254177,0.37870384173975596,8.97336167506165,160.2962520818078,27.003653996349758,3.4656974975116412,137.03689917376622,23.36077577265775,3.40941887767361,22.915753257176117,13.864126349155827,0.881236053881266,249.00472309041402,66.79179625207533
f28817,50.51041192694013,15.007435256177983,0.602440702681068,6.059211537694221,519.9973776277781,174.8055329992779,10.02833321061096,308.1372853168313,174.41908320471094,6.657291009379156,213.524191712313,74.7689401329296,2.9023635128477796,333.4622598779661,73.21833838208126
f74116,25.356788145240966,10.551761949057152,-1.4671491572066568,6.4055334606031415,242.85150680319018,128.14616535820917,7.763575574884707,56.69036578622664,16.818823743897934,2.367917045858137,184.73917803812333,112.47376996504349,6.585641608129073,247.70843870358985,185.05818202813953
f79345,79.44653299891657,8.626238378617819,-0.9713048096492387,7.935160238002271,1115.8307282962937,282.15754540028666,14.083704821510324,963.0670322908649,281.89111529627877,11.97168603638918,154.97776589615165,51.91565946354756,1.6696004163590907,368.9475451862513,104.1647392423454
f92811,31.195955612218793,10.75541132735481,-0.4228231950210815,6.312752169814767,562.1056445609121,74.40777114863032,17.155546032435932,312.6869307109079,64.84046059016264,11.296546022692917,248.8671071136565,73.36057809377472,7.8500600041801665,264.20770264664594,31.476352960908994
f23812,11.756480025798476,4.165441455947364,0.3181870144057298,7.216478413759061,41.21429016069383,9.16792802295247,3.7464799367463675,42.4915368606447,10.573722937100221,3.645736014727205,-1.657290751750667,0.8993113306896319,0.6384566682660863,323.04085221506693,36.67393607914375
f56977,37.02180232174464,4.437331077563716,-0.20518146991080496,7.00285760270545,283.73435883327767,66.29557313600492,7.098605468018326,259.33991491957386,65.38414197291009,6.471124856102367,27.45664455198082,22.171104609911314,-0.19471597390479678,367.3827861076988,80.55616569023199
f46944,6.393700112513875,5.6969977246404735,0.896250104796074,1.4266166901797268,145.46749649220067,69.24350127532097,20.106057151899055,9.574405018336822,4.162301329360877,2.200688579310653,137.23873647738986,67.59619968102817,20.088240939442457,221.55326377791343,10.674991270771162
f59692,133.96899378647583,7.589135926040988,1.0004884894496253,8.823358913477005,2131.357199738725,533.9337477896369,16.874234955157885,2127.5033253661654,534.0338912639396,16.593222851170385,3.584585679711728,39.61678331285051,-0.36728295573969333,369.1387344356166,74.75454567925917
f12776,34.2810071475869,6.0347275665658815,1.7697230505124677,6.508511999244032,180.97585000490932,54.66400012914189,6.052330081090658,200.7576607319978,52.78156571341216,6.372270386175492,-22.091165849227675,6.227693679575189,-1.1732860169609336,365.6407739860496,57.941965590224136
f34959,4.028843044000557,0.9959931276530198,-0.13516386936300534,3.3802606572971667,4.7192787776905245,4.306384688704667,1.3713140951056166,2.2928246799981773,-0.30182631437243534,1.707199494376087,2.6851987032395264,2.9625726297385415,0.961101968151043,119.78312923691986,58.06250006900742
f46515,176.96030041676156,16.190261289210117,0.5769130015349463,10.8031680841563,4315.5114740236295,737.374353958749,23.874973916192236,3180.286278302257,737.8479912138109,17.805743307041528,1133.9068075316409,100.89599737065367,5.478818925941992,366.91468422814603,115.05798782948126
f61579,8.03699809977296,3.369283039200309,-0.6650128504992168,3.7863082062526625,65.20795026913801,24.380647019686585,8.288816563070808,49.7159958610516,27.196710633019627,8.104289658928801,15.749710775894423,7.193552521568526,1.6675164186123703,184.8839397537556,25.304323015729786
f23684,26.310490731096273,4.337775062692411,2.120018054042162,7.019591360375816,151.54171485933125,43.158094612056466,5.708531172250105,182.14684200877448,32.39375840913004,8.555703512170904,-28.829847656811914,39.44427414683925,-0.8361267690635095,366.49661187016994,62.888210368130494
f14473,69.62161907935256,5.806395303556263,-1.7423192590363168,7.260719421980686,2268.691628097141,728.9548596832888,33.401296276092445,2018.383069275027,728.1213744171806,29.7792834652943,250.97613845064697,99.56101150364303,2.7979310954634613,366.9799810536053,55.547578374755034
f93484,75.23122183278781,5.820315475195463,0.26649405546051314,6.712000214094227,1157.6911601609274,299.4928298828353,17.54252227663173,1253.172457177884,369.8285221071416,17.143190698030853,-93.8253273841968,22.060301186892406,-2.7320783050085398,366.1295318419788,65.61511570482932
f83445,2.9958118257595046,0.8815038621806722,1.7353402723044955,3.348747977262674,128.19725102956883,69.12841670298174,31.730802364852337,0.7907098253102064,-0.29842907110138817,-0.6843302322161391,126.61999069548143,69.63450309043219,30.577727759122062,159.7069407779207,14.259997557454147
f45953,20.667948636848784,2.500114950247065,-0.2590334974175831,8.18830530516201,113.47691318606691,12.98655816192917,6.490086792444059,175.3688438334785,94.66146904102861,6.527507725599531,-58.74366533958539,5.394144397075725,-3.6368564238415564,246.38503677376366,98.67579506908741
f62984,21.315625499155257,3.6563369890411304,-1.2245352799028875,4.741774427306128,281.5896864635408,91.94477914019095,11.863871653323375,306.32356156525844,91.24326535510303,13.926010271750958,-23.097673956197458,2.7481505774686,-0.4097461135476509,366.20864649613634,48.91267391397932
f35689,2.0507512095838005,-0.10151381278717952,-0.2204600693481078,1.7178826089464865,2.2896136681144674,1.772348510892376,0.7274356613659902,2.908386492723824,0.48655015392978174,2.86703553087066,0.09452074603153349,-1.5958573817246524,-1.0579367111957747,33.12304863681844,30.08840028031644
f49884,80.4597155859188,13.941346703259256,-0.0446946980292611,6.323893075274917,1550.8211724193918,503.7009080504249,18.59361889093746,1281.922231081759,505.71958072915055,16.460780279192303,269.7173782439959,138.2560446875836,3.2284784534810007,366.6044820991166,96.09731760305608
f32948,33.84127277666577,2.164302032841518,-2.136508693303296,3.568217431388492,798.2653399045677,141.4568752885568,24.335359972475274,730.0755805390546,126.50897053483287,21.633753167340434,69.3684747198849,72.01848943764251,2.881531079726199,366.89317260660846,113.42953436868959
f97456,22.704960725323247,3.8231164678140193,1.2202237743881585,5.440126962627017,106.5393319732147,32.970412630439604,6.663353885614141,86.35978407093414,31.669628718828967,4.489499099098703,17.139921259845288,11.01196018966892,1.5550315595193274,366.85033218889043,65.39081406959026
f66294,16.062410718960084,2.081907058117875,0.8680981417844356,7.872951027930589,85.43384606836764,18.00783638897694,6.108010286695029,51.916710012359665,10.114895617692547,2.4617139423307632,34.833943650883654,16.039550419237784,1.2348934535831508,221.5463543385098,45.776579476788946
f85274,6.988353349335059,0.0976075592573209,-1.2203261293039958,4.008668454897093,305.4081739058705,162.50784536472779,41.17114843249873,13.399750494593397,11.621994483582913,0.9980087734421875,293.10817477176073,161.86003663327003,37.31906746062581,230.17923607678657,55.7685201669667
f22395,22.35441467540993,5.769610550827782,0.3840078056275493,5.204027172485886,138.42339746709231,56.22343690518789,7.791612956873217,108.04196597837573,36.12688852212205,4.807028915824201,32.93426190245408,17.92525472445542,3.7446386498979014,282.0341527778031,47.767152820663654
f95264,12.502530739865573,1.6573349941263482,0.40948416169505786,3.8980413511883545,33.565582947060605,7.718628605417361,3.82750752768003,10.249323872974982,3.727174218496677,1.997864959460998,25.8619514796644,7.874753072468752,3.0749217852053246,105.49951540680789,69.09228419353869
f74223,32.62662065828079,5.792962470251894,-0.7740059404572867,5.2644024250001085,636.668037588444,155.84500301054402,19.4837756576997,629.7767706203581,154.33157916559543,19.291700009573056,7.371324952296273,10.728953562444971,1.7252658394083684,365.8602565342427,73.9302856434488
f11897,48.67201117262978,5.4753497854388815,1.7824149469667163,7.482457773692626,334.7877704928627,52.847149902372955,6.559246093381844,269.28651932493227,51.5853489074444,7.0142603321862085,65.62828237805233,22.902033679067962,2.2610111129904853,366.31835752820916,96.45613555736345
f36296,9.61070813135818,3.806254083473441,1.9212257285135605,5.778784503871581,51.553741152215274,12.625124699993554,4.940679161932243,39.239569117399654,9.055139512774833,1.8385937323061963,10.653622096638191,6.55975856077689,0.6046556767131521,321.7879119332107,30.71536341875801
f24835,6.395562898003889,1.8596046277006317,1.0765475606097084,1.6597942401137054,57.760783013647526,22.248671980676793,10.18036920002605,20.451650588516234,14.726761959624488,4.2462115786527,36.71254869870548,16.864239072716025,8.346450579742672,140.7920141034766,27.583253498238268
f24345,24.357613070381557,8.924089977323154,0.49690832213123015,6.456396465248926,119.95545240784614,35.80100784720689,3.406139095350381,105.46055826546353,36.25489079408802,4.1300604990469605,15.656591805892019,9.498234433947545,-0.018610505441274183,325.9620572174076,89.28240459032449
f82919,70.34304045146168,11.02722924360151,0.33135110089660785,7.819473351457624,820.7824577016211,170.732956299489,11.709851358751747,442.4352832171349,171.41131942797165,7.065441221431776,380.3110712052662,145.7860448154879,6.5006374237137505,359.8354371310691,57.028519065702824
f12766,9.427222789801903,2.653629290156341,0.05884883321627831,4.848135040436222,19.62960701576524,5.256040150892781,-0.2436970285561233,16.81245280424929,3.1023002020585992,1.2272288683975492,5.296827435186249,1.6376275296934504,-1.0740681729915715,230.06934695546775,25.712314237415907
f25225,25.378047091702555,5.818967895375125,0.7735565266681657,4.386294871108402,242.2243152391784,56.50569562051245,11.098504022053035,99.36478688316703,13.815555817460417,4.9979305414305815,142.45124729056502,54.27927610745513,7.0068893339779725,190.67324977219369,54.86289238854065
f91417,36.8393265108635,5.0459686054900175,1.6632328427772587,4.403824537491048,308.4874035363622,59.012941609411385,10.266216612813011,303.94184459447695,58.84024681444217,7.202997229455839,2.8178965242214473,11.45996205775181,0.5193304066823283,366.92228312503255,65.86625186710329
f95545,75.8329332918421,5.2047546697338305,0.6390956297044924,8.847474910889169,912.2544789279885,143.31825260973474,12.743727543089776,887.4376067697941,139.63926078079712,12.19880036073293,24.290349500018028,21.38320874328835,1.7149217211627639,365.7756330063158,68.02867586320765
f93346,-0.03301600376464253,-3.7140246592632216,1.3329462586792575,0.34510082006769505,-0.5162573811886072,-0.15120924762649715,-0.22199289813704787,0.013734107303386062,1.3222380082913572,-3.7106211919257173,-0.6753414439848051,-0.21701980041891117,-1.5909675022837928,87.32618715115542,-0.338115903944876
f62936,16.98617433216389,4.595482630775281,-0.004848437192593244,4.827528867834786,67.06612997226539,22.772111270880067,2.4076316402537645,39.52355505058345,17.713625417087698,2.1362585817232795,24.910572039608354,23.08138357124383,1.7951235969678245,365.65651272467676,117.86457695717426
f64119,70.21319350243917,4.068211728265761,0.11340280245072491,9.138794610004148,420.2063107436976,62.799863324487596,6.376315791012767,333.58998413911706,61.52557435825578,2.978692231977453,87.5607882373628,31.855067890245387,4.179175859053357,367.4194675674949,130.11024999582887
f42872,156.27156735182453,12.795147731789589,-0.45419439358160213,7.107073013494007,3003.863982749047,500.771516784387,18.827779220955385,2591.441035691625,474.576417789111,17.667948372941822,412.03939247213515,72.76791525190586,3.434475947641638,365.8721980137196,168.32595489421925
f57394,-0.16810284618238125,1.1160396136573874,0.6132286974683511,0.8359513696128823,-0.22076304572156813,-0.2531084839733005,-1.4923887254029582,-0.3056954126258339,0.9973765046034863,0.321410271410488,-0.0030216722125378905,0.7117855327873205,-0.7165197661183197,75.33935869055568,-0.8026918928444792
f28414,144.61491356896795,10.220150437830318,0.5867609249276886,8.677881572587836,3525.388528891472,763.1271134577237,24.558983880774313,2996.1678015925872,763.9530672400649,19.562391492149125,529.8134382866401,85.78973201516705,4.667368039216761,366.5323502327228,134.94141331223673
f71589,38.95129457125741,7.301334174921012,-0.07247100244374277,5.829695328542337,623.0933524407567,93.40735826656115,16.532964190468164,269.84943935134527,89.97262501193585,7.794647606877587,352.66873629974083,75.40865551724714,9.013514200496944,332.2185646755912,96.8817414066856
f17757,71.21836978404572,6.263238180628251,-0.1605891677269341,9.512535185810833,1023.1815782093211,166.36934652558517,15.220287480112242,1141.394729359642,166.0002544153081,16.691944121729378,-117.75174619267986,19.1045478570929,-1.0959719046026655,364.4876349892312,84.49739630286693
f81185,36.790822593781456,7.8510690092033,-0.7680855499787869,5.072909540936836,336.2454562865081,137.53750457297707,8.441227212297177,237.21689368024795,135.45588123011504,5.977522881912507,99.35549338021693,27.147810026801103,4.111583093539117,334.617542554208,50.16411048164609
f26526,35.19218685039858,12.342265615330586,-0.6731236097747766,6.8073727055568405,512.6680928402623,235.3520822948447,13.466578499321791,320.55022398334336,236.32537628020904,9.035592580015773,190.34015317641465,82.7952118046639,4.08052125157711,332.935221978777,65.23298655407858
f74753,198.37212919356173,11.623998906140656,-0.06221367310333701,8.23966552431116,3617.676022218807,489.37215804781897,17.634990883383562,3068.7784265084615,487.21522366597526,14.671696366082662,551.1296523955214,100.8890107044462,2.311052198585184,365.74488975991477,107.67528479640814
f22221,24.379650173610667,6.8714834314839,-0.34134798581835074,7.240262238172589,226.34467159876294,75.28001662445384,10.134680616342274,189.20331111219627,77.09904401644332,8.606130490160467,34.802549712479234,46.72499219910751,3.653667370251378,333.203398516827,65.6549966017251
f22784,0.6610259042461369,1.021221914690358,-0.7864609935687893,0.9729719243795668,0.23976932167376855,1.6599989704020108,0.6941264057892684,-1.6090347194244332,1.312284918375401,1.0867885359634255,-0.491572600614063,-1.4869439458115628,0.2332260647161886,15.493890226426743,-0.4404229173992848
f29821,10.63798250991172,4.573000873936334,-0.935844265495868,4.321403661048913,85.65628620371037,60.57757194332295,8.395466860184886,86.77860808298901,63.59692092568124,6.7332250496692225,0.08944887566560376,4.242256846118723,-0.028649062772469414,269.609804139234,132.3641851755512
f42987,54.77392302571307,4.626967489435151,0.41531783135368994,7.443121577601649,792.6719318492799,126.10740517358575,15.089998457428145,845.4729486940143,169.5080517937619,16.03839078848756,-53.102364013053084,125.25039972403742,0.3425730950226591,256.304758494582,61.352652023015146
f62277,24.184522452310684,6.2111034661818545,1.6330982146390742,5.125671703523212,165.48322589296018,68.08253534522417,8.393599416390842,172.98776843994605,70.92991466541511,6.472623043728976,-5.585331224900891,8.211195812505562,-1.150651101308076,366.70740129783417,65.50948296990222
f96833,29.569393358419692,3.953962517198587,-0.9201777682219996,7.698521600473681,170.78163574782494,63.7851135010245,8.655777933460776,144.966533483906,74.34310941127406,5.69488216180073,26.10608047647479,5.646836481343536,0.6860858277443067,244.0687387076688,23.28378218841834
f28752,2.0380410712771546,0.23404100333085764,0.6706202671281717,0.8515826558677466,-1.0672768892449016,-0.4822378758723324,0.21474426221403634,0.5544463218664075,-1.5247700646767153,1.8547887272465444,0.3016041302930778,-0.7473570511186307,0.19050810822912356,34.66405670246873,0.05486032573127022
f67362,2.556362861502067,-0.1889075933760378,-0.44825967962437846,0.23304331849118887,1.485561781115946,1.3951128388572072,1.936528464882452,1.3917995958654257,1.0743211011122002,0.3281025848756025,0.25570911172036054,1.7777296994752851,0.5142525029755239,127.8272456127199,69.29031360569329
f36647,14.182681507972976,1.8304957280083554,0.619117758783179,3.403327830659088,442.07118367322397,180.64533073683504,30.805466559220196,50.911578143312056,19.133888662283535,2.0598895714003627,392.6766804154009,179.1933144478729,26.865675713545976,223.04173493620536,12.303809437223412
f67635,69.33602944969631,10.772074670018805,0.7829918763360434,9.784913695244782,2380.364770339259,402.1157874718627,33.65976962518351,1287.7641517628354,139.54517159416366,19.786848728906122,1091.649229630941,360.7467782752123,14.880198576586015,219.73278181415156,34.26014450332393
f48298,36.61500612327967,2.349698092967021,1.6436262515861793,8.455764614438047,474.4194967736394,152.58681123542985,12.868052773048898,395.1748735358377,152.13555936220612,9.001679644981152,81.68657507275361,54.7509796649011,2.118656809257025,366.39065093410824,104.17289369638137
f64125,31.587643971564717,7.037299752643841,-0.7318825988208366,7.846042897127992,237.10060159061013,33.31604087142745,6.569238244953895,190.53042860287908,41.10654639738067,6.394704259491124,46.16931205754976,28.29874018686333,2.755427812659315,289.73639170820985,81.34177389958046
f16834,-0.47495380983538715,1.3598220973696247,1.0965184451918522,1.0910621683620145,0.17297359505186322,0.7931236490510615,1.2164172601045529,-0.1630520639863257,0.6195936076315979,-0.6820294989794278,1.1220441556158058,-0.7219927404532234,0.8236149273574895,11.11588192230272,-0.512638182398611
f38875,52.84346287261899,9.031348096364058,-1.9724428042467628,5.9218775334050715,419.4218888049893,133.12436813284214,6.683226715101573,381.6765965256697,134.20462656826672,7.062285120254993,38.47253070549055,17.73214503911807,2.1432994242498857,367.3209212521688,86.5393810328663
f34153,59.579126959090885,7.842287108404857,0.5414412753987733,9.318225311982506,980.1514325501183,412.87961176092904,16.664981574810948,809.0753098956186,413.9426827150712,13.428862286406886,171.5412623416875,38.665674061547485,4.374905002414362,332.4515963332218,65.33816591222075
f48312,13.818602060406885,3.298669951304961,0.094700514429295,4.60101185236262,18.47088430937755,3.9824324474537107,2.376736820962223,18.400465157286032,4.746442354671576,2.1596388281566385,0.33052724763936836,-0.8096779287421351,-0.6125216678108203,238.50233973637924,46.06673632789326
f27827,46.416916284167925,14.181662653878561,0.32028191067432504,9.460584042103735,784.8141351512292,184.94674473245553,16.736573315435425,374.31743145165603,183.25316252804498,6.9736260535504275,408.2158717399346,122.12196436434797,7.531952716044864,333.888729499975,84.97193203569029
f31463,48.39548917569829,5.100360216561805,0.3414304406221773,8.29708745195748,261.5534634599139,66.31708299189964,5.906217689399635,217.8435134754996,67.41665145623993,3.0716467655862902,44.35683191873932,10.778429085723568,1.0818831423608746,367.00506738367386,72.15914270485789
f49433,26.222000722760416,4.487649946784511,0.9419720755520905,5.085922160052233,182.8635582601389,62.79249026866757,7.631141764020302,180.7239738746379,63.20854501917684,6.661831977197548,2.653792392319952,4.929664743407348,-0.6513566633222795,367.5790168568572,65.12963563386279
f16612,65.93972385104824,5.9017975794957085,0.07768336800726956,9.422729115090608,503.21886193190755,47.202552139954186,7.048097113630535,439.8704505640784,56.96787449260782,6.048178397771526,64.61728498654377,40.31563473575514,1.2205082456122307,249.18125722230855,55.749249329954985
f57961,1.36370955568039,0.2889206136632598,-1.4925198152886898,-1.1263350529369567,1.0569585816709,0.4871171043124733,-0.35118864929777666,-1.3333926718324494,-0.8224046901162522,-0.6754439628029677,0.9923803479132631,1.311820632827832,1.3602719904911835,171.96412332179435,-0.9456665805044205
f31393,87.32648472328445,30.08697725760364,0.002409421405704442,9.134325017061702,1782.4077756150787,180.7519863516233,19.821806352050746,1337.4869963010929,160.95451329114425,16.274116679187323,444.8836900107442,159.88339460437044,5.418378715938266,260.3387348475062,110.75695411374261
f67766,90.59290488629173,8.702966426954434,-0.7660478324371962,8.067735164271639,4092.987788635222,542.1991907369757,46.83983055021207,2901.6215933298613,550.6769821310411,32.42624684908584,1191.718570075796,328.42858212045314,14.419834411165528,367.3627817878981,145.71625281217322
f67418,36.905253768898994,12.188078961745742,-0.2707362169807435,6.458178473050851,615.7794227237048,220.41807310277997,17.940043055001066,384.0544351051499,219.77845297068387,10.543024153474393,229.3893966761236,85.05180543523251,6.649901031736528,334.5209714205573,71.78227419940117
f34211,5.758672806465198,3.551520598100173,0.5423705813380599,-0.807405373816152,22.977675061634315,15.254304661945898,3.381151350397295,15.828581037804772,7.865749356402162,3.545437055866087,4.101563363241661,5.538578348668629,0.05797244792843448,167.63750920374383,84.18699218964132
f48525,5.2132576694416,1.8599913579282523,0.12475892025653233,1.983761752078238,23.55610896459926,11.562727909935743,5.503798073720372,37.609074840162236,30.2712285306686,6.091693527470871,-11.740205666846101,8.035746324047178,-2.1668629166468856,114.44131556709104,18.555930270806723
f56853,16.031680291997645,3.347894151033154,1.7177218807616919,7.805624395069267,225.08437596750124,46.401865353908434,13.954527933540508,79.15655587790482,19.129992488988098,4.363181538408341,145.119694005141,33.11853646748728,8.087194138788071,220.0106099022687,41.80886094902999
f14996,27.472676918851892,1.6046168537336736,0.9864774164909987,4.532623424141366,167.71443133586214,57.56917019671902,5.611790682108919,159.09036904001243,59.351035430725325,7.252664918094161,10.508221034207153,6.091529193217039,0.456873557041833,366.8703713029283,53.49188820677617
f25846,72.64878668394864,9.199380415892032,0.7394924020490706,6.4874979799927575,2135.9679145789546,604.035220162882,27.77229332946422,2223.0382640921616,603.1591663238662,31.69335805716696,-88.60271888154836,22.58375364550531,-0.2595756681005049,366.149023770729,73.105890269825
f39194,4.187837455732742,0.11314261152802027,0.8292494256691855,2.208347240952981,24.36703543840543,15.2848554323403,7.891791923549241,14.233612019453973,13.493064803297184,2.445416407094245,12.944788275573915,15.030558882361301,1.6500869879574354,139.12415379558672,1.7917214287257714
f63325,55.988920959038175,13.357507108923551,2.0435860127884373,8.618604565895623,673.4913618349448,206.98065806223795,12.34016632673972,475.8272716884462,206.1145048913889,7.728689144768307,196.2059854450982,49.38044962589412,3.4091119295555505,332.84989777555313,64.53644953324971
f68964,14.58971240103412,4.791956270776692,-0.39677680867791826,3.5774450490046754,95.28231552267428,44.22474556824914,6.1873686075911465,89.91333264098262,21.450071595661775,5.340715862638381,4.5812067044907065,20.565373866048947,-1.0675223855411822,175.3137131194662,106.03079711282471
f19436,468.94899897960244,32.229577727169215,-0.05140187188075694,13.543450158848252,14902.704774101878,2161.459110413945,31.266071269853388,12568.30677175943,2161.2421384716413,26.115188530605483,2332.6437135579495,334.3505946459634,5.420459431797915,368.67317972666024,92.68663756074301
f48493,38.99193126943228,13.230553307522026,1.489970062803554,5.263284865077141,482.8390823165153,172.625520786125,12.09852143745526,294.7799073621954,171.6311841989676,7.635830028561713,187.32129776689922,73.04376882425524,5.392435155090704,334.31358042310285,70.56620351445859
f91293,40.44268297875862,12.591786987790691,-0.5602737787212259,6.05120934852614,488.4140753334455,173.87042715416015,12.154230966346862,296.84428461125367,173.3109106353634,5.4510503421936285,189.60291900451674,74.67745306973045,4.417248605085106,334.4707468367025,71.1115109252704
f54753,29.065736923570306,3.24538556355898,-0.1087975537086328,4.206208788442609,104.27671803717102,44.68349297654057,4.02442051895789,101.89425469921481,43.80580854226894,2.383823385813126,0.5216751260044874,7.830414727589445,0.14630242965774315,368.3580377951066,59.27671685679401
f76497,12.438373933965021,5.557580383202677,0.7320635357185479,0.9781337158181649,62.499292735408865,13.65564487074343,4.645011994491582,27.271925802361938,5.239546318422492,3.2151122368607483,33.07126620498986,13.819764249108964,1.9630906943027657,159.3275508583296,46.18097310031208
f89812,83.67820515570341,8.805402665775079,1.0439301813699042,8.814445185648239,1425.5071662422054,437.033513978167,15.417511823905834,1057.2964290975724,435.9571310165369,13.245488201515414,368.19866855364194,116.84391757167695,4.493243735767106,364.630601634086,96.72855349259942
f32334,6.240674042468657,1.6781890547088032,-0.48526093130718145,4.2276159906830655,4.176987897108461,4.230063310765541,2.7437651691318443,4.141594662350372,1.544207578068983,2.0865531277204328,-2.88974629845049,0.09511027884817277,-1.0056004034363561,133.48954433571242,17.259027621179577
f86644,25.785248717786917,5.954127108743172,-0.4642668546732007,2.6545720383429763,266.01182491407167,69.76016138288884,11.483175324228355,241.96798096047542,70.78053917696447,9.569928291421078,26.422190787985777,28.492576600534573,1.3577133081839095,365.3742785389534,107.42590751952477
f91133,11.167962244645771,4.709244326889054,-1.160955581217162,4.771366684106229,47.285514274419626,11.418956201002004,6.630911465519749,29.46750099184576,11.212258504360417,3.527262998048789,18.161741645611478,8.613022537887344,3.22276686694108,218.5250657460827,39.536484427964744
f62954,19.753399254927498,5.104380457642077,0.7861849924856452,3.8304074766802136,293.42711034243877,72.25311661640374,14.388331653051456,152.11302233690407,38.29040528010585,8.253796974978043,141.30633332830513,44.97180032010462,5.58012900409591,279.2730886721268,33.51484005479409
f35394,20.937793417904416,9.753865556519875,-0.46513185760672915,5.147822464668239,177.1887654738552,62.50556127939925,7.668001318746666,40.526704589326016,6.695665030233238,0.16873626393228758,137.21543751125486,60.86201532687989,6.867121252122526,231.4221245701288,15.214808636234332
f58191,14.310835118522057,4.6776617556617905,1.2561393128099074,6.21204126750059,87.07410521363653,37.67164328415062,5.738709064615354,68.6701185707503,39.38385094238132,4.872878093898414,17.15266033423614,9.72758148740932,1.9184426093951585,329.8955978030414,61.807766802447716
f21844,15.300737815432127,3.953320604464595,-0.35578485890817757,4.951312084882298,145.97052710252976,59.56659808317136,8.327406639314063,144.7586813831967,60.681860243230126,9.365816723344118,-1.1521554047307003,9.646604622160712,-0.4519391050855618,348.55169061507024,49.87786922734652
f63779,148.51492106150138,6.776963002968583,-0.4150682700512516,12.641364348610747,2389.211538851339,506.5402711544286,17.875726370919516,1946.4211657322064,506.60565771433807,12.919642152550205,443.28996137443346,152.10279101644255,3.585066468904996,365.50505530718704,97.36249796958552
f83742,13.689962352013444,5.13676105070568,0.08560697818312236,3.325725823515233,58.04828593284559,11.455426174589768,5.034728960480601,71.44818773186618,19.538493424712627,5.21022344643854,-10.42076970427461,4.673097596471262,-2.221350804013882,322.5236363632493,69.25749821634483
f44176,14.405912699498396,2.341198757798748,0.6014059482248718,2.051167520307938,121.16062407023341,26.929973410131943,7.303402550890801,48.90688801174481,20.423160576472217,2.318918618301997,70.58703286667878,25.001818400631727,6.054511046796241,104.09985836048835,60.821965495292545
f33146,29.872545696872077,5.308957187597507,-1.2982752617796587,4.360660896757462,183.0940831747681,69.21157787568417,5.628330328064023,184.81573029156172,67.91602316941633,4.211327654666046,0.4180362044082626,5.515879142427516,-0.28363079816315817,366.7330003641017,49.29129135572515
f22535,28.601625235322892,5.522434397153389,0.44893292870067913,4.98808330236486,175.2604188237578,50.76265840936624,7.324291663622571,161.2224430401065,50.773951921564375,6.581233508689634,14.424449296138944,7.333564610452165,0.24673344149559678,368.06138574765225,78.60917407815963
f76262,34.241764693371465,13.447403332050385,0.8411454583270855,6.268571403437364,317.8498204690309,121.51904653901875,10.37097772797199,181.9259050684398,122.88670843862106,6.18967460384871,133.86472758759209,58.86451597051967,2.9399756219183426,332.0176413546699,69.81799103565646
f45242,10.255802512585896,3.7223547402039734,-0.803536227339871,3.289177238796037,87.6245705134917,61.006766966479496,9.974464628010004,62.42988862984503,49.53021197930925,6.301421733243136,23.14857887496448,9.6119403391561,3.382775955345163,104.30883936106912,23.060800918810312
f19552,20.72915900569054,2.0730938033500363,1.1574862505033836,3.250179647981953,129.68580130366294,50.93471113922619,6.956372322612862,55.171108561903644,21.785170957206894,3.1587518878053147,75.13971542741878,50.41269009061964,2.6032501677412334,186.16713867732963,7.240139794587735
f65292,32.03871957700606,4.018043655688389,0.7990030655658422,4.6297462387884085,201.89799761952787,54.38160656736173,6.248350407152083,223.88778875800455,52.90192120765814,6.305746743726711,-22.516967587308702,1.6466479011663413,-3.3312105265817,367.30151534920583,70.1660416395482
f15233,5.105296208920192,1.560372015355077,0.6734119286716821,3.4489149972767894,29.384452604944602,19.829349349956136,3.6803143918051964,9.701525148495097,2.7506161318584526,-0.30801049641806966,19.95984687026496,16.667580201746684,5.490623448061454,121.70957736194171,16.9205265973199
f45786,14.70249533576674,1.9347117237594336,-0.06199058301050067,4.5151525979148035,151.994493430384,28.274973373785226,8.264685986356792,109.41209549635691,31.937632285440444,6.36752217371074,41.92474226991474,18.00268994462017,0.6023021600106997,169.3849362905162,47.8490396328845
f11938,8.391377184290654,4.235310413518298,-0.7398522786203378,5.38723968780295,15.101955861144155,5.846705146009791,1.8537265418200548,12.782356779284157,3.21905661719473,2.780717044457392,3.4024806109671983,1.0602060722499904,0.5708550446612302,315.8988522433008,104.65959271335872
f98634,157.36959762196457,15.719176491437468,-0.08745983836648166,7.547347871284668,3078.5294042473547,678.3655702214669,20.599550601807795,2705.44820726172,677.4145120504577,16.449365344571678,376.0297788204694,128.8764713029738,2.655568393133472,366.526854693703,85.32034513414028
f78312,13.816152071468048,2.4685481177970336,-0.460501516371961,8.12517220194236,71.59430553799112,20.34463796640057,4.366277367952516,451.1625339742161,194.15551366428107,30.649912280630932,-380.8932459475241,-0.6547710585204622,-25.40415371074017,219.1756045330284,36.730108771933025
f51452,36.830643938710566,4.198320646685687,-0.1358235084462827,5.918853715831003,346.8681819395865,69.14463994138393,8.483129242653943,235.58663494135055,52.65529511522308,4.9469634761673404,108.0980531919678,58.65187130487544,3.9540777196955275,324.4710641771105,163.75931901354528
f68449,17.361405325113783,2.637367327480187,-1.2072329596892957,4.690447191761041,105.38604311958092,23.163442570632498,5.529729993707488,26.386897040649576,5.855178801096804,1.0737061237778847,79.53750323255527,24.419557569350086,4.718458453561322,227.88808349395134,9.233579294970196
f57842,15.148152927534708,4.938633478833055,0.9854069366541736,6.2497558842746255,119.33234080325744,68.95986214916384,9.629910686060265,117.13825088637029,68.31940461760952,7.38971994071865,-0.29088582256840656,4.942279778219547,0.25441864305455775,367.28320657875724,68.56250155721371
f67857,32.03333900859809,1.329747542476483,-0.9789833332777319,4.221104922935605,399.05661506508966,52.86449865432979,13.30857255330331,280.846854766196,53.924680787812754,9.027779683914408,116.33953600429247,53.879334367521324,3.726040156930782,164.44593684484104,43.110132568079514
f52673,0.8213196770309668,0.562676877095599,-0.16642939555296102,0.6240640164866298,0.9312282180000481,0.06808270832940913,-0.8785306223172014,-0.757767299601614,0.6274997100953016,-1.0826663683012605,-1.7639146189888082,-0.009037196303264591,0.9789692645547211,28.211334284338434,-0.34704626834127544
f87466,90.90580235615295,4.625853692142839,-1.2136608735353254,7.711298751684843,1634.698452385557,275.6977721863311,18.789169265408407,835.0617785506512,153.1842020834417,8.229160212901347,800.4281807925128,202.71397948845072,7.226320878370554,219.15741370679157,45.85760827816229
f12955,39.436407751130645,6.978645549604741,-0.5895088762194485,6.042171593918607,532.5845923569766,146.69816277116666,13.332740387877498,455.21719825493454,146.7069592223703,12.549994078928542,78.16680600920229,35.42459088146945,2.1583698878851147,367.81129913734117,48.5477982099089
f21583,243.94541740319852,18.740820676042446,0.7556214010643303,6.862656661178431,10255.15874303051,1385.085491299369,42.755469548501,5772.8028526216785,1386.394242175005,24.37695094901345,4475.966960401711,564.886615204731,18.895330278441172,367.5284259501274,131.94836415991696
f38762,9.078971229621548,3.62578334295742,-0.0050842955966456,5.978342587306275,16.699162909392854,3.256212638062481,2.1211934013283638,12.182741632591288,3.771064745390283,1.001633869826305,6.280826644226262,3.9529804097580494,2.0550838023704343,216.64646190367006,86.46593170794186
f31636,31.793550439058464,2.459394071837164,-0.5202765765764755,7.842535122601821,241.71065205236053,94.24938598397286,7.135967894549197,238.2782497537021,94.42139010647445,6.717455939797922,3.203449124974089,9.455860619642598,0.6562560816121259,367.7352818355563,53.40569619546269
f45951,30.291077426285977,2.53259364758228,-1.1051441993519389,7.0164897412883995,327.7753904305514,141.4795192376801,10.290003449877943,320.61402183183935,143.52627639530584,11.824832639647036,5.517385503453671,14.52815997402092,-0.5254124938930206,368.2477363384767,39.75755350570156
f59548,7.5002372329455875,-1.0870113948495277,-0.9475131959973468,0.4913781455652231,129.9119089136132,59.90138971138951,16.8535929755132,58.71705284581741,24.589689010219892,7.13068609764613,73.99901120104599,57.93317377861074,9.02484699997961,15.650403983513494,2.7004045256583638
f56372,29.993935550218293,3.830086183959922,0.7077353510357705,2.331208570795573,167.06292249670727,30.25935351537539,6.238656278309568,162.49761711364425,29.728744729440013,6.711914172589124,2.9180807460308467,10.716898724291122,-1.4521027604204317,366.54329336828124,47.75411304010697
f39785,53.6836180499452,3.296988172519774,1.1251539841533087,4.812553146735213,990.8227070177405,227.9651887123405,18.70810338140155,633.2550628438322,148.33265053593914,10.799498005822027,359.24087991978377,160.40820181616323,5.396202508544271,365.3998463110242,136.4789341425517
f91735,47.10793223740648,6.989149722016187,0.8780821072045094,6.91674276963913,489.50229004989086,54.25235785525481,9.956597712104944,539.3287255499251,74.08784417848383,12.844303736308122,-48.99699357605792,51.39569947369051,-1.324818728000019,328.027645451123,134.68821228017265
f38423,84.22862108162144,7.281372416308667,1.256841469538846,9.753524157409652,2575.8652980469365,324.43434655362796,32.170167677706246,2731.7674630954666,324.5424025710186,31.471842581556185,-155.584216641475,82.5697246130954,-3.212474260687949,364.84347525097763,78.13267806909211
f68669,20.669004024010825,5.526235130170418,-1.308320991087883,2.9686848544281386,156.35742526235273,45.47227725013766,8.017760193987973,148.3677577015297,53.97744685251068,7.7847901739874406,5.631427051648753,14.266424330359865,-0.09953938236044452,366.70402065012166,80.33513173586215
f71814,7.679402611346845,2.5836713964089446,0.17709474580997325,3.673092724210249,29.272564267726295,6.455334033351237,3.4403585660391425,17.237286126068675,4.615645599321172,2.4439453673662115,11.708269963354603,6.926164822605071,1.5384164269993228,176.73441166414122,34.29513732632028
f74161,5.130284458898494,3.100171912453045,-1.5282070653763025,3.028797390898631,140.88513712038875,68.27189335014768,22.776698564634252,5.9611076100774545,3.605462101877469,-0.23124439827916432,136.0939421765835,69.24003410328085,20.140911956928655,220.13389242254806,10.899444453814802
f81964,34.522119214471324,7.948315146619096,-0.656066305133144,5.116708202585673,955.2394105548772,256.43065401302795,28.945412114146958,111.66087992161651,13.476812762248672,3.333689654438183,844.8440576419194,257.64966845739156,28.7089152738864,225.58432021362702,2.0434502463755786
f47174,19.677107301071423,6.916120240478736,0.111028567599881,5.790087468951174,201.33318532865076,68.9655494576252,9.94567750513306,64.28291238464172,14.8170050795237,4.527074719521218,136.7609350127589,68.31573404651084,6.781993386612739,221.40997766474922,25.566988823087847
f72684,73.72305413218314,17.339728955355447,0.598436225290109,7.560272639985605,2096.976462491794,436.3149084595452,30.061823800031746,1158.8459285921358,438.5433449975559,15.08872156857505,935.9622175030572,281.8571564740131,12.259677385818437,334.5457105885899,84.74817748967236
f56714,708.2785795785119,70.0414542402104,0.4324717913180024,15.226036698904313,38593.56936044457,2956.8573296249683,56.58186423806369,34303.44705373862,2942.723482676684,48.07118760092084,4303.389209725468,336.2442818323034,5.9082917459333615,367.64568098135607,97.10812422548189
f54759,34.987960670483986,8.802969484027246,0.07342838307204601,7.608442599219121,1462.4578859780154,424.6117099102746,40.435205292728924,665.3479772450607,315.7359439760634,17.978597856705594,797.2091600717561,270.173794254351,21.521922055825776,333.7160297339189,119.57823566446288
f32166,14.024688956791818,2.0736763799514364,0.8158710040551693,4.708106280677302,109.28889483711177,58.34238041302212,6.916817508604216,86.89624614690273,46.1370459965979,5.080381196395247,23.060102061378558,53.60947396905119,1.274605475278994,129.19897353963154,16.071621056284062
f52881,120.19442556895862,8.520859634720521,1.2904469158029896,9.958462684390017,1515.9681013844026,223.0440780250998,11.574076554601547,1383.9066352255882,237.52480422923912,9.973135576591929,132.0589341385769,38.10274940396461,0.423963404824548,366.13244363839624,130.8845557163348
f84556,18.319009190088256,3.1398331238646775,0.7744217629153567,6.457607463949486,58.40080224993864,22.480448936477124,3.516592952371796,52.59867127339748,21.788078026438164,3.211280173138954,2.6254235689972387,7.6644234987795015,1.5733439449503817,367.44998045740505,99.34364497003095
f82614,27.707755094979465,6.977266619848331,0.3904558022901735,7.24308338215568,64.16395009181218,10.123955415910606,3.07583400302988,41.77012298583897,9.052373154647269,0.5912407102459174,24.065857488109263,9.129333144057979,0.546829445439089,322.5177107675289,75.6872534816346
f65388,9.364538016103781,3.498722198005143,0.7419556380301441,4.671177292949605,16.02018416565194,3.573593600035033,0.6003723697761483,20.460695016280685,5.829725082191974,1.7227788561511037,-4.642007887580497,1.3827120847556598,-0.10568420544247448,255.52463681060405,48.365596286994204
f21849,60.98034440348668,7.513751597762318,0.13937808230814605,6.664693189420126,653.5103239517881,163.31614514303348,10.435725126250539,625.9083727515069,164.0696638539797,10.448734394162086,27.753591430013625,17.466841484088782,-0.28102816613242587,366.36819756888815,74.71186892080466
f55138,19.63673785235662,1.7737968894506504,1.1191591376511887,7.768349046529574,269.00606050893464,195.19954786505244,13.557306442053726,228.6449382850944,194.3324132541913,10.88230004200593,39.52941815692784,11.730166623460708,1.9681142869580517,325.94175505877763,146.55302831684534
f11991,60.567253404482386,11.990092806416746,-0.06119456667307942,4.904720872927589,796.3723480710174,161.11445160028208,11.965105185758263,672.2510656705729,158.79015600433263,9.602687210247778,127.02958038228351,30.543533917543037,1.957320842584662,368.18071673972554,93.92813718087127
f91976,48.29801426401673,4.719323192158664,-0.14029946643748864,6.045822579190155,897.4960692185293,77.75824121443488,18.42123448531483,894.7728844571782,77.24291254713297,19.146835850071184,-1.0991434167119338,9.25993857388765,0.44674930660883255,366.79237952321614,43.69143758967475
f65863,71.67325650727666,7.537311678171362,-1.5590639093693086,7.085537876031588,947.806253305469,197.3708685284936,13.449037682335904,932.3265652793143,198.26298982343062,11.127360413072095,16.088931566618562,39.86163503440411,0.9061201790261052,367.20986249623,103.74727246498023
f69518,29.49522726538156,9.28930632887116,1.870033019470532,8.379063439156846,286.0074810716402,114.61626388208218,8.603387009685656,155.60622446766408,113.43597313286959,8.21779114515501,132.88608553982118,61.352941824210596,4.999671468430876,333.7755626304379,73.37801727629738
f76723,1.5274494847594566,1.9306097070074695,0.12324932720393932,2.4344552206726298,58.62825792031586,56.161242246837084,29.035453343082356,13.957968374699075,17.578299742781564,6.444441661031785,43.42014400139256,41.188017731063375,21.340601328208415,20.80973965468854,16.169833177369572
f32778,24.57952815250184,4.697694171340281,-1.2038239041523975,5.110987818617049,137.2377538851079,56.395931428675645,5.4720269836394735,125.57572439882627,56.39677124514151,6.38731244972467,10.38581722125539,5.692194174230698,-1.4599023492022596,366.8500309942266,73.1990401226745
f31629,3.8080281064564194,1.6366566318163527,-1.4881602459955532,3.2230027240044574,109.92125184259707,50.70407949933194,17.201007916231625,5.375785911876795,2.244920649015672,1.6795486531368036,101.01717218767884,51.0768438621224,17.267083210229814,222.23867436711603,12.604473915566402
f82288,116.19196237099791,8.508790016676706,0.5789633886031801,7.73477082443143,1922.6068049194573,367.8955249678924,18.788983278337824,1692.0302796086326,368.3541960652601,13.895198172435276,232.50541674489583,29.259743695523014,1.1841195399998128,368.3890042856107,77.7767705513469
f25611,19.26410088535292,4.04440440287717,0.5302646296871466,3.1805050927145286,599.1283519241134,150.94291466246494,32.480909754065124,49.42177615416773,23.703741117386002,3.7312144235410862,548.0257107146913,151.2751866271445,30.191099896480576,169.7091403949907,73.49818260995842
f77971,19.442859783284202,4.271572518169222,0.06465366266398452,4.29659984539651,107.73762775414214,22.9291005957525,6.3146199066499715,22.902103647839244,7.826600763447502,2.2246279681470065,82.2509775555639,24.15105436392899,4.257735988012049,227.5604406817956,8.75599706648285
f66569,27.67997475963282,4.190683624429689,-0.42620572329947876,4.324682816449327,138.87507924138762,37.343457987893316,4.793305413095602,123.25834792099405,39.978780883993856,5.27282872998046,14.533014658539983,22.232342696758263,1.1128415613037816,366.3202322532001,114.49446480139105
f13471,9.768069079529702,6.826411841494502,1.75118245249998,3.971124386594127,24.611549177634657,6.794082723802801,3.737937581610971,6.424646975545908,2.503930637935669,1.3569645629213996,16.759548732973737,7.124926285214097,1.8489044770424734,127.00122268684066,70.5605948180652
f57931,130.94235622605325,7.259752296744959,-0.9870715902432388,9.331867658092818,3729.6089244114974,877.6910297423993,28.18038204861899,3780.9889543663126,894.1899473926075,29.040284374088802,-47.97256677308409,60.64022476532318,-1.2965223157583816,367.18236131999697,120.24958969166286
f32744,5.8473827414510335,1.5018121078728757,-1.1637712675384058,3.109239679308747,10.311214394128694,8.797111598458994,3.250433562267616,-0.4431024263356971,2.2215783973940857,1.4329021800820665,10.289935288427452,11.54758381856308,3.1122005779664095,136.6287247268989,21.284500168523433
f76835,9.434857532038578,4.951024930470648,-0.5658312066509495,3.6341170431514054,150.01402049245877,67.90663254474045,16.0386417967285,14.929398425450865,4.030372700313891,1.405429732025388,134.22903559223863,68.5787106048018,15.02310113783302,221.55515801354318,8.348972448092866
f63941,34.55964333112547,8.643590266307218,1.274117072746137,7.37863753281811,667.6129945087876,196.83523999409164,18.793489208984973,98.93089736798878,11.374991107439916,1.71516246339267,568.1636893211379,197.89064540432886,16.16674929168223,239.72481835538892,12.118193658681234
f88618,35.390876687673504,5.949254774648327,0.814900398351125,6.485557988806405,957.1131997043013,285.5206523194276,27.78720815781342,275.794248697617,85.87566211476135,6.696296911691282,680.235026478957,286.14865101667317,18.641195734622872,238.87892820330825,11.642525046729443
f83383,12.866581543333927,2.007549186205024,1.0685667632756477,4.045177322941385,52.79270726643916,19.0957332782772,5.87742742813331,56.51938871322042,32.7583250497667,5.027795094647288,-3.22754853573947,11.535242299049207,-0.8542470008357363,261.9495617718731,46.82133521649358
f94142,149.20026498067213,11.019214443039557,1.453350921831646,10.833437043966345,4705.11711981086,766.4037988787221,32.37117966338583,4440.496758034216,746.6101668220521,29.914022501641863,264.05432001099075,43.576495963820655,0.9773908189520015,366.16228165204797,153.95465827438386
f29111,11.744640676965794,6.37149570217579,1.7801164795910163,2.3877212678751234,10.880208344364686,5.1583978367486445,0.5662015657067375,13.29905917038502,4.2305130883282205,1.617539311393842,0.48750620150727186,1.1343179192670971,1.395520425533782,224.3089981324889,76.46137065430385
f92272,89.2455764892146,9.239176924901104,-0.2947099531982481,9.764384668039762,2000.537243838707,399.85646892502825,21.182591648907923,1891.1044898349746,399.4833014191842,21.855734688019897,111.52310695413877,115.38536317713381,0.7348896662720126,366.47947497918904,117.70612860706864
f67499,139.06735716279294,27.915815268350137,0.35144313372984115,9.432597343755232,7439.979095262213,594.4538047023013,52.4539879262914,6985.977951091585,596.2279101549108,50.43584145995702,451.8829236269158,110.75855762089677,2.356693127116199,366.75552575862207,56.3654315569442
f71953,16.02187492796028,2.56953525678595,0.5756129214059374,4.33219883209732,114.97432761446117,55.28724659755968,6.690731212583039,119.94366624350441,55.929358059484656,7.12467660443846,-4.763483408658445,4.847937306568807,-0.4146280159002652,365.70593993259666,51.19648544506767
f44455,34.56420274714456,4.880192697697991,-0.3587810460455379,3.3454313009049566,372.99776976088594,76.6744157714367,10.285446423849177,375.89750930440243,74.25482163534238,11.131214252158536,-2.588718228341216,12.69221897519788,0.1576484294598226,366.25896062014624,70.14648526169167
f38137,34.266571806450855,10.937582634436747,0.21095635225242118,7.178294898416137,433.62196844605603,237.3104992829515,12.91340714798854,302.6292595867392,236.83721372660418,8.894744014853792,130.15198385483194,59.75132662824741,3.590752351771174,334.37375222526185,55.144970199043044
f64833,84.83083351405696,11.89376510362825,-0.45706496708365785,5.767877181555849,1543.4803418580093,670.8245031057797,19.295492376640507,1920.0384955784043,671.435452540311,23.676549780027603,-375.9713865853445,27.925883360044164,-4.855254012699968,366.32460864682986,84.90875983217197
f86271,50.29649166881325,5.801801300170149,0.8815120591116592,9.93592210132436,728.3307075865004,217.5255324316482,13.73215827255086,728.1085113100135,218.84225223740302,14.768600665196708,-4.2316845318352225,22.186117966198992,-1.0521142858052883,365.9739982501767,73.12885318289929
f33432,61.78419966378541,19.00328610156499,1.2409608029124555,8.919380803558814,600.5831305561242,114.24717275414731,11.1683703081902,498.27637767449835,117.68521013015729,6.871472626256022,103.26918068411307,27.18928857789618,2.360450322435921,365.7118864504321,94.85118903988308
f35273,14.032802314346624,5.940854478842492,-0.029764278142986933,4.8669944461809305,238.92986575523443,204.85186388299485,14.421872297403239,237.7087423956593,204.195951230111,16.121877669519293,1.5230313967777775,3.0708742190182354,-0.9060660948635233,323.9303653283707,13.049594376854053
f95959,6.974248022762962,1.521457790533417,-0.005584749387921047,2.359680465883013,132.3727653923088,62.27773623401061,15.243329957458258,102.65677077654479,49.18420761453314,14.56026185629835,28.283672688143916,11.303230680092547,1.5970982004178484,106.01435010835792,81.17287606944565
f68222,50.87727334662539,7.2457271299526465,-0.366173683017222,7.990761802226851,272.64543927890486,42.61663592192182,5.685276977809033,216.11609287526298,42.52371658478853,5.2933815221179765,53.249765791645316,27.05280740196263,3.4524798920920072,367.919651159727,129.0110769033998
f86618,66.39027670453352,16.954172858031477,0.34198129391178966,7.907045416280335,1929.7267517129233,236.89831686661788,29.074303931042444,1503.5688409281345,238.52399531228474,23.777538651416638,426.46016253862615,134.5616374277684,5.259500507088086,367.27912310839395,128.84333679305422
f84568,126.60872513261911,22.998282091953463,-1.0111742252422655,8.260520101145485,8664.08509275521,1364.9558522494706,68.93806370112124,5535.889486818409,1365.7418463481754,45.6290317437054,3129.074217572595,545.7221930683513,24.928786955246903,367.64305832686887,113.15839276828117
f27189,104.28326257582728,15.999540173338348,0.7117434807675926,10.032721696096338,3844.907556187684,308.6052394965233,36.20426292749094,2468.370591886622,311.4816881685711,23.987132265479964,1378.074978575606,166.37836016972074,12.361812424023658,230.31263921534423,49.77141965948799
f29535,31.399001226733528,3.7790882536808397,-1.1527582093244526,8.24932320339277,216.00195885573297,40.252119764171056,7.900612738943182,169.15136654024644,39.6045712208019,6.776668151473355,44.429350117846404,36.52144160714567,0.9880303364575902,366.8097543754955,146.70736977401944
f12768,9.364389488564578,5.307925485079501,-0.9416547390182154,1.9104303990662375,232.465856467444,102.51106179372292,23.99161336695896,26.269595573456304,15.349956710893126,1.746338666472725,206.60651178611803,101.93206654062202,21.703941683795648,228.74936249442294,15.163461344972287
f77593,12.942589016905137,10.137370954705107,-0.09910697743385286,4.482135742197818,44.92265795567382,9.5866544401908,3.7505403722492123,24.734758462123665,6.17830402733694,2.4508198821974445,17.37944206486438,7.038925177402957,0.5358749923213442,170.02896843432154,53.53450121289915
f84859,22.50359697130975,6.740124476170527,-2.171475655216312,5.0703171275120935,122.77989778444335,42.986217893543156,6.645287629651927,138.05817127143106,40.37779284271662,6.073870808108814,-16.57921336525197,17.416720294039287,-1.3359729733817765,367.3745314697727,84.04052768449351
f88131,47.67389566687544,5.500963786807912,0.9090167944955928,6.692473575613054,900.9595278263247,257.08443104662496,19.958200519000336,408.1294882747957,47.40310880754835,8.307895104155453,492.05434317527425,223.2545820360054,10.563124143192201,228.37644061397793,47.65819258823881
f34588,10.125901327250618,4.7987596472759595,0.04838011428736552,4.244533931339252,59.05444697560354,29.571163062179544,4.844610696133716,61.51122743199666,32.91858959840911,7.411115167735456,-0.8053103725864761,1.3449766063163486,0.2788232028441348,322.5377383015727,97.97706713576947
f49565,1.6333268673106596,-1.0421674179092602,2.1569037321724562,1.72471060575312,1.7805368233053822,1.3894416791794773,0.17064450401999887,5.451941502545509,5.8016444857777145,1.8063273280742258,-4.27722650217469,1.2946276508522803,-3.1191224956064625,14.754794184803053,5.932544474706769
f64526,38.987142410002924,4.818372171297386,0.4123370863987103,8.061183768701994,511.86311771856924,156.6066140309206,13.754838773740229,464.1231348002593,157.69395253660636,11.481808606696013,48.9611941913707,25.01419751824536,1.132394531898651,369.09726260869405,54.4168910477318
f54181,3.2482355631742865,0.5615075416095183,0.3015060108784763,2.304699321901466,16.112640914991218,14.195784677589645,4.60323894116915,-0.29734620310474336,2.4092743060920343,0.9918238011950927,13.218002022202624,14.699217905956921,6.476333887194896,110.83294521553908,40.36969881797614
f23521,23.728935265556547,4.265531981005823,0.8850442715930084,3.0946942852599157,157.89026632524835,67.28680506814503,6.2600328502394404,166.0925764670814,68.1695382199542,4.887533780558467,-7.793813393938666,6.801513611634777,-0.11543431048320671,365.4472092330537,67.81795035920159
f29684,24.509940683346947,3.5512160137949116,0.41944319401130076,6.842286738711691,126.70565112790104,38.71796473325463,5.094752053637664,123.18246085544521,40.3211487901439,5.427111534795302,0.8748160646613489,5.053473398340359,-0.32490729073472924,366.48393797320244,80.45019326789449
f44396,12.946921081790913,3.1387423768642693,1.363966652153639,2.7698054163808883,41.74619211201121,9.959769450965343,1.0900096939997712,14.8917738889128,4.3293019015549215,2.3905488049677395,26.402502555458007,10.056285167307532,2.676043957277191,240.73485924732992,21.181535573627457
f23879,189.924633446878,86.42147198527348,0.07810141105286193,13.216249350546384,6312.412384822137,990.7606196779607,33.84694560987573,4454.807569687718,991.8773370065555,23.704699174216156,1853.6503142641516,122.13310403665183,11.19388530569241,332.31150293806405,100.75128782869676
f37922,8.102380755949593,6.123129989030923,1.7444805845480802,3.8747755490511304,46.49642116671612,27.23905921092158,7.0442454793535045,10.27486913035698,7.717379444713037,3.11156742592327,33.90778587121963,21.978667238199378,5.002190185514146,126.13625916856635,66.8457900869029
f49811,7.810226089561196,3.3984635227215994,-2.6636315268896453,1.566654806153688,7.382590796539327,2.330773785445832,1.4168048602111183,7.810615405565219,4.199105479130655,0.40033153366490604,-0.18292879578338986,-0.5842819691826071,1.284786413514485,218.50147641368122,44.71257764094447
f52545,85.6717924625236,11.767454636201952,-0.8447006794222144,8.101197681802619,1629.0339868272436,335.22202255667383,18.70908341492606,1535.165751584314,335.2033603118815,18.953592936022684,94.17259573519362,65.13846763859439,1.827987003845922,367.3840216023448,76.78147473797354
f89724,3.689570263209165,1.3510522940033791,-0.853563949255827,0.8410832554302248,51.172869958402984,30.236698661447768,10.579958739784539,27.082949696041215,21.93442385353014,5.21164011955846,24.477573660213636,10.595535876342597,4.583381530089368,104.37701161604328,15.121653627430977
f94487,98.44858769486365,4.079331908514568,1.1365981879395315,8.076794859338298,1946.1251062627614,315.3175732212809,20.591385576164786,856.9238009298296,113.83408491258196,9.088171521483325,1088.7647004181592,314.2351976423279,9.511193095387542,220.09377512839197,49.7176020762109
f96667,28.885344531501858,1.5356919629348265,-0.1606777505086157,7.281437294276932,177.97756319174013,58.29215398963539,6.293500392970845,174.8807451599095,57.026915370602936,7.447301942451282,3.1175648620175704,6.974058685086562,-0.614455115802841,330.2004555089767,37.83970688877934
f52858,1.9013479393371022,0.30962311854888835,-0.19708780512105864,0.46951453464983106,9.718059445729681,9.954554437150335,5.339097342971755,0.01613880784951735,0.5979947892747508,1.5351974423486279,9.399239699831902,10.760148094144128,3.1460989206219336,118.37265883066142,0.019637904016672814
f52377,11.449367390155837,3.8341116760212914,-0.7463207063538998,4.881937818770447,58.22594903689192,31.460591131950274,5.086394528862657,53.72443641864892,31.208731438600164,4.317804398412848,6.420365772230017,5.819389196193249,-0.9657542452862626,327.9333669912253,39.833508823721225
f15437,14.753066045217604,3.408519629569097,-0.5653324578402605,4.8686105326997975,34.865209580345514,10.510984355176747,1.999964324756644,14.08140195346104,3.6193012361109087,1.789951718639514,22.173612513941425,11.45995281114288,4.050745419220927,301.4476210771674,76.86971361727767
f28374,4.3825871420074245,4.291627600937998,-1.212400073240314,1.864259656715921,6.170846703392636,2.3083318369282058,1.8139138261748537,5.112557524418596,6.013834607576649,2.3218509769725166,0.37749713796491996,1.8235321243417397,-1.1120747075448223,183.25732510043215,30.721837407531467
f82926,-0.38899336704266263,0.4723415451980043,0.6403414896839849,0.5217871304935129,1.0752318031650125,1.25001477318602,-0.20000980483665978,1.5464481717010812,-0.971521639013723,-1.3795513592549653,0.07338381077771856,-0.7607665746343104,-0.54631263207273,14.754780706524812,1.3013509063538096
f66836,0.728708498874181,0.07165063289124615,-0.2864788236111436,0.0072528251445532765,12.00055967328746,12.914428532987174,6.35240675958751,1.8322694877418533,2.0628110163507767,-0.0068255792961404715,9.369337970472596,10.988961000181432,6.7828254572553455,14.583612332287212,10.838474515399877
f27428,14.428134817905299,4.251023846822563,0.3934718379991027,5.286283168477672,100.88535315496782,49.22119262503309,6.393408273218063,99.26681556405147,49.60584113195085,7.499795499875147,2.767724054891136,4.095130631450814,0.617238395266967,366.88213456073277,50.15587394746124
f53715,2.2496574496362625,0.40808362026214223,0.24238411276590838,2.033469177632517,9.442872301081147,8.61808163043641,5.342434137430143,-0.8768038769983582,-0.6613937588318503,0.2680100225428213,9.211702766856883,8.988795162785738,4.753471092942748,13.644934077817979,9.426255199367317
f24138,11.05387794105446,2.3735757680569916,-0.24318814571361227,7.787295326293409,152.16938161678905,66.58448405180798,14.4562918942378,14.273100367321213,5.4045233030372595,2.836769899008936,138.8593801163434,67.06482173661053,13.245799799203127,242.46495143454686,5.2973571450362
f95517,41.99900753645363,5.996338025680754,-0.44394183901595463,6.894121832104262,1701.4289872824506,718.854489224241,39.994748764892826,1711.1829206834384,717.024777734005,40.14997236846838,-8.50148051818629,43.512870723164596,-1.474420602709407,366.7533968822368,42.62099257888924
f49731,22.33515662670822,4.441315407409418,-0.864967874046047,6.429829887746839,51.854524803347445,15.01553861685142,1.847455928203233,226.30267914129607,81.90468434205957,9.483344531295117,-175.87726418493202,2.3074961045648643,-9.518369575078165,235.66458746685873,28.455660190528544
f72882,52.52151751261461,2.368423369596347,0.6656051556609986,5.460033241092983,910.0754995201,425.69060213235355,18.035962695055595,936.5482671330814,426.13010516599655,18.11034764296469,-25.99025756998357,6.030641620903669,-0.13552149282963993,366.17326519990627,50.78833493715986
f54125,224.2542649885917,69.31696473804297,-0.8767500451430532,9.957811077540264,50208.59004538233,3695.0623599065407,221.3910512284179,44128.56228338788,2958.3217357848334,195.7710203802117,6095.483599956012,2049.156309077053,26.251634840085693,366.66935938266397,89.87243123073281
f94256,14.918507805486962,2.217503368162875,0.06751207922137689,3.7408503575763037,296.97150374180256,130.7983502167769,18.65951130784875,30.66314225654071,11.897456918078117,1.516422179760816,266.03245768862774,132.31886193127423,20.39105596152426,219.98254491380433,12.96653311953532
f63631,4.691704723849006,1.2273576879331403,-1.6807175149561244,2.9524340755092413,58.033298599982395,22.95335292266332,13.52443957338408,5.467076313508936,2.16109671460747,0.1967198559663954,51.36353513285366,20.984237969737343,12.166931127889546,15.537487442691674,8.37141020636789
f38124,56.13733490170321,6.98374833457965,0.2590966557439176,8.34966632587093,647.285489403224,173.99981301752237,11.711444318807088,566.3685652440312,174.3680105459966,10.168872852844082,79.10385524659512,30.36024004360052,1.5512099231462553,366.39737149885775,86.02062218283687
f78472,63.11898535694898,8.341643886714621,-0.57353054730839,10.46282199879953,1977.4746713509753,761.1480959481754,30.75308373525951,2316.9911270923894,878.255953235619,37.265990761654734,-337.695766506732,19.483984032185443,-6.260096576890605,369.1988911153395,55.29895742040236
f19331,11.724453108547534,2.0528607625011213,0.09718165145078617,0.3813318322542254,193.86280140451953,139.00200480075245,15.789087003800967,77.559354612755,32.12569317842843,6.53710427975807,117.4654963262342,121.43947206532266,11.540491315314815,88.56232865078817,6.167573716589822
f99996,3.668950406068162,-0.06201335969607135,0.3601351635500949,-0.9720536012150736,-0.9669828196474493,0.7755693027498859,0.18738711204390268,-0.5208218803167857,-0.7373308388437073,0.33625557600343353,1.4510448106741891,-0.4348227735203374,-0.22050885411882995,133.36257325082542,-1.115422443343452
f64529,3.7166960337991246,4.121415292402702,1.958264608523688,1.8200343834091877,3.485456449035192,1.103523155672017,0.4244134083607829,3.5055053540452414,1.0023666504840767,1.4982793894374613,-1.1451833848632778,0.2543330414992313,-0.4116719875652517,167.99348783834893,56.74740264773268
f23284,3.560507929719904,1.7511061581601983,-1.079935300513482,1.1850960044317247,-0.6649786073838921,-0.931776912324668,-1.3985582843371565,-0.09120026043057765,2.0292192981310886,1.3790590719948184,-1.0335215659805506,-1.227604126709077,-0.1959355837776297,36.37754123478547,0.15888407147798808
f78733,17.987350028787496,3.4724520450545606,0.46269841419662155,4.419402135456755,111.44618757760391,53.543521649832215,6.7773790146272175,104.59394880869874,53.1287852103969,8.40533846346133,5.494465909461296,7.264758613862687,1.8264388752989817,368.22270915271883,66.48748956422033
f24117,35.64473332982159,10.237215967931943,-1.0320930566770092,6.353563084000342,425.3807764094741,139.67557106507834,12.998194886521341,418.6121825081786,157.6758134947565,14.153772421422012,8.027310882082457,20.841507871414652,-1.050308344171269,367.535285402698,94.24630255107185
f32942,68.43782442532205,2.187020552647278,-0.8374441153616706,6.619283080835347,755.7190423947236,162.16304712133206,12.27474641490526,381.1145476677119,75.84820893155825,3.751682316850594,375.02785534667686,161.49480910295804,2.668951044728738,221.62093239542085,31.809637857976274
f89933,16.82295196055145,7.2809449639814545,0.8434704548072478,3.823941686424127,238.88688543044637,200.5667835349692,12.275546137823195,70.89148237286228,42.45803173366354,3.112044760065766,167.50046860813592,156.72938918899536,9.358012715029343,166.29642462074136,9.658636164019729
f85913,59.88270642958278,3.76088114795088,-1.1062647730310466,8.551619486329395,985.9159340856932,168.80050617092553,16.952166418875855,1101.3050780779947,168.7684133917047,17.818003492876212,-117.73668610011255,32.66998497667848,-1.6522188521038377,367.93538341144387,74.45254399641698
f24528,58.77223413633473,7.885574203514967,0.8050386959663316,6.667577901832146,550.8748425522609,123.53019166952791,8.368965328485944,518.8512143838961,124.86987299853637,7.994356958545258,30.78051467145987,28.921219723999357,1.5742921120158224,366.39490274902215,89.54618019206922
f18346,27.840893796395783,3.072773266748782,1.8071985213097153,6.573063299260447,190.1468477113449,58.3802651017099,7.172279883881445,191.60813075669566,60.64121526284609,6.705029977425615,-1.7434491577006752,6.146165942594749,-1.0175373516082231,366.29527506471624,64.6579782071701
f15913,42.10778705396909,12.468475872007684,-0.06850869587812368,5.637458365334994,855.5842147460326,406.1437309655879,21.43640625444909,606.6920860768448,407.7416085488771,15.055046138417724,248.8337128662336,115.057492429984,6.692711874356371,332.53734673577566,62.17442060091216
f98667,40.26190752312698,0.797716461775036,-0.23379369778803544,5.780689953330396,323.47911865521496,38.079399172094796,7.860971480982038,694.4262017106582,254.61848489072878,15.970823118087901,-372.3363889743607,29.968972943316306,-10.452239751207388,259.9532242932496,45.567540603903225
f32572,18.241054904024775,3.925024587422428,-1.1502147280452208,7.885232518507691,118.10261024975418,24.565855632768486,6.462235037740841,39.35382505421978,9.786369627335159,1.9709796391246734,79.84744506886416,24.395056926562244,5.562111983009833,294.83060100968964,94.20018762970872
f51371,7.934675300639673,2.746171452915414,-0.8065832796986524,2.605356714026557,17.986190889781383,8.709636990996419,3.174906856118443,13.920814999589387,5.545514520668679,3.444118429905021,1.3031239521575384,4.074721985048076,-1.3007196367906921,132.17295722139875,14.406214045003107
f29273,16.762207172930534,6.84003472948013,0.19583875728337888,7.65773644485224,106.8168881573761,42.638798136051676,5.932980690861267,77.67557342915111,42.12282636534825,4.905122921659921,27.96723182876193,10.59300807630887,3.4109211923148988,346.8551023254663,78.63991047706214
f45587,24.764497967967735,5.272578104602509,0.06237914337757042,7.705886695974479,207.51186454319006,51.327334375151636,9.795283072321634,163.05407209415682,48.71220929404366,6.206812799179402,42.12607767678973,14.103775440467473,1.2420140532485004,366.8256909113176,105.21803351508686
f56723,64.39042499501723,8.421826227905644,-1.3887551972416263,4.332146080861032,1610.3157898299198,232.3630738528796,24.21099902856385,1120.3765918478553,216.49408718791972,15.723635886266216,492.5453543740799,230.93510884238134,8.218485449394874,177.5274082318279,50.78071255550088
f28391,7.0475884060380185,0.8403838276944977,-0.2073396673189848,2.5068447837779972,34.02898807963555,26.249552687746448,4.561345884332655,39.52214958704609,17.452622115458077,6.674591330777449,-6.2157657858818895,11.55072608974433,-1.7639339934674487,104.37518285605502,46.19174601274263
f32768,44.68298319129013,9.521165060696154,-0.8979665066954376,3.6198969332608106,291.6309654985536,63.19928403327438,6.925249161833231,271.02852473629895,61.7438389556368,7.164846609807466,20.78733818979952,15.290763369492806,0.8329299088206847,365.1306996600593,78.60910567799617
f99357,20.898537780974767,2.7251051053969335,-0.4464306841848664,7.187867308941569,409.4566955345567,124.98307850860984,16.409137678120345,48.527140184566775,8.95056587344516,2.6302527906161153,361.6545481684353,125.879763001392,17.187840592237702,225.11792376054908,9.228453584666942
f23369,6.2463332789106385,2.1813214954950957,1.3908351933364174,3.4629508816747787,141.13302547527599,69.88316575066753,24.211435860253793,7.978731956130877,4.585043066437611,0.7751988908498728,135.39031778507166,69.53280190284705,23.958696472637197,223.31269761068916,10.580511075440372
f26558,0.4012477809897057,-0.3521667464844211,-0.6122575394914593,-0.5230963085492462,-0.2488195204896829,-0.4261311324394668,-0.1811063279383624,-0.45331342705162436,-0.8462575114583204,-0.38917055160295605,-1.3521199475809604,0.8460860534393824,1.085319694851386,14.422363584734889,-0.3315570357938393
f69337,15.437125022704887,4.4748799920022,-1.2237094671304185,3.1333941707371253,85.39224643445654,47.91869980739478,4.992429723937068,48.72353804964766,14.139258575226389,2.7561415814804553,36.47859608535688,35.42783809395142,2.0208773207300004,135.13816023633504,11.220628575538825
f22245,50.621462994675824,8.624894439028518,0.5953383451782079,7.925865925568076,2072.1978305888288,316.2871889910377,40.25429806329081,224.0570020979261,29.712960476864076,4.322505115935828,1848.1069948204151,314.8073636179999,36.9204413422908,218.68641150565844,80.70556426512654
f62617,42.43834898029324,8.069385380462737,-0.5866983315807355,8.35902246689159,325.2447912123332,97.99839949182406,7.25451180848869,305.93351903073375,98.78711060213666,6.67910204609517,20.518995163028727,11.09469811358857,-0.8916425563475152,366.2451215944567,77.58088513077661
f44782,89.6344532357286,4.762034435819217,0.20861545229565961,10.01515870256207,2363.1813314622964,334.991634863638,25.079292895651562,1420.723282556762,334.04776707442386,14.831497054410399,942.5392227753133,150.0397495560595,10.329027038568428,368.41889339832835,140.58527285441684
f28631,6.0826811269447445,2.5796102762840576,1.8751472679170036,2.1937531453171255,25.25260041787392,9.469318965281973,5.052354454652516,26.592207714187442,7.3176839770248465,3.4849000410314237,1.0121473684329536,0.8930347461093938,0.16443433721257675,167.19053399309362,15.094255974927124
f88713,19.73103580556385,3.633357360659612,-2.0337224984419673,5.148746159836107,243.2827990966221,60.156151199837566,11.121950833991392,51.550359094834455,20.99301793467891,2.237045268926046,192.63096199039038,58.93827585563755,10.574508274241492,219.35637026893542,136.39356120915042
f36399,21.78811227098348,8.149960596676085,1.0918353513029346,8.214191542089411,214.26975562866812,99.12137645510745,10.245840468692432,131.89235632199362,99.67919296772837,5.238889504224362,81.06041534243447,21.65887470002852,2.771411099755911,332.9554668208696,75.52852941442607
f51366,65.98478541707377,6.4454799523143,-1.213494447947697,9.076342516285951,714.4845414837497,233.43069777051437,10.843678198279786,653.4103228166209,231.2052999028031,12.317516423190932,61.022592146452034,38.81233416720564,1.4133636131427298,369.00334734932665,69.04185948536188
f41616,18.356865602689172,2.616995936935413,-0.31646750700332416,3.9755300535762275,63.42732220945538,26.49846671154586,5.081701385284243,51.762214821857015,24.35303554025785,5.667713247929747,13.210578910379231,6.465805274735985,0.23493067715289123,366.2515264976665,94.32013510637353
f17267,14.552149853452288,4.055075987778018,-0.10698004042586093,6.758575699625342,67.99427722201924,14.429876466985172,5.9431574390058035,35.739302804132464,6.836845740000747,0.4018017680659407,33.554147404862775,13.560540771929526,1.3962646105100023,252.04876003072397,96.28201421297751
f52225,25.717803876728944,5.900106439175623,-1.700780605247645,6.786289281280311,225.78539746905355,82.18673591103487,10.292365746637417,59.84944835702989,8.184612770045975,2.67537490403904,167.4833048161947,75.08897145263006,6.609295187651056,231.51121609005943,7.899813132195219
f34514,27.42420125699315,5.810223130547459,-0.6379796152556845,6.120940853441006,653.431913615315,168.70968172378898,21.68909693634022,88.67996013341792,15.659938633949512,2.2581516756940188,565.5298943266876,171.63450538933543,19.544278462265947,238.78054724527874,10.459383582740815
f75827,71.879782989064,6.223994273215972,-0.052741447047322816,10.318871987935347,978.1025887530359,201.23282816270023,14.042444067271125,716.3595323057174,210.00650689094945,10.288883316263604,262.424648203825,51.48966871596926,2.892653207609941,368.20205680740594,131.64275086870677
f11629,167.25531078490917,16.461138040617946,-1.616108222455701,7.32742797815422,2291.419990665146,593.0050039961193,13.234903859104397,1878.3527484779827,592.6351348160262,11.065235719326276,411.447649795398,71.39325051112941,2.091338586099675,369.0540963910271,88.43638133899475
f13487,25.577728456523207,5.310284141616062,0.6382960148601218,3.1641975350595524,227.26055360791898,100.50468707319548,8.975507095187242,233.70946416785276,101.18983541689767,9.661520893247813,-5.511960011330942,7.94732269401844,-0.7198297728542091,365.11086734595824,54.38757444964459
